type,categorie,titre,contenu,lien,image
conseil,Moteur,Vidange : à quelle fréquence ?,"Faites la vidange tous les 10 000 à 15 000 km ou une fois par an. Changez aussi le filtre à huile. Utilisez l'huile recommandée dans le carnet d'entretien.",,"https://loremflickr.com/640/400/car,engine?lock=1"
conseil,Moteur,Voyant moteur allumé,"Orange fixe : faites diagnostiquer rapidement. Rouge ou clignotant : arrêtez-vous en sécurité et appelez un technicien.",,"https://loremflickr.com/640/400/car,dashboard?lock=2"
conseil,Freins,Plaquettes et disques,"Un bruit de grincement ou une pédale spongieuse signale une usure. Contrôle conseillé tous les 20 000 km. Remplacez les plaquettes par essieu.",,"https://loremflickr.com/640/400/brake,car?lock=3"
conseil,Pneus,Pression et usure,"Vérifiez la pression une fois par mois à froid. Profondeur minimale légale des sculptures : 1,6 mm. Faites tourner les pneus tous les 10 000 km.",,"https://loremflickr.com/640/400/car,tire?lock=4"
conseil,Batterie,Batterie qui faiblit,"Démarrage lent, phares faibles ou batterie de plus de 4 ans : faites tester la batterie. Nettoyez les bornes si elles sont oxydées.",,"https://loremflickr.com/640/400/car,battery?lock=5"
conseil,Climatisation,Entretien de la clim,"Rechargez le gaz tous les 2 ans et changez le filtre d'habitacle chaque année pour éviter les mauvaises odeurs.",,"https://loremflickr.com/640/400/car,interior?lock=6"
conseil,Voiture électrique,Recharge et autonomie,"Évitez de charger à 100 % tous les jours : 20 à 80 % préserve la batterie. Gardez la charge rapide pour les longs trajets.",,"https://loremflickr.com/640/400/electric,car,charging?lock=7"
conseil,Suspension,Amortisseurs,"Une voiture qui rebondit ou tangue en virage doit être contrôlée. Remplacez les amortisseurs par paire, vers 80 000 km.",,"https://loremflickr.com/640/400/car,suspension?lock=8"
conseil,Carrosserie,Protéger la peinture,"Lavez régulièrement, retirez vite les fientes et appliquez une cire deux fois par an. Traitez les rayures avant que la rouille n'apparaisse.",,"https://loremflickr.com/640/400/car,wash?lock=9"
conseil,Documents,Visite technique et assurance,"Notez les dates d'échéance dans Mon Voiture. Prévoyez la visite technique 1 mois avant et comparez les assurances avant le renouvellement.",,"https://loremflickr.com/640/400/car,documents?lock=10"
video,Moteur,Comment faire une vidange,Tutoriel pas à pas pour vidanger son moteur,https://www.youtube.com/results?search_query=comment+faire+une+vidange+voiture,"https://loremflickr.com/640/400/mechanic,engine?lock=11"
video,Freins,Changer ses plaquettes de frein,Remplacement des plaquettes avant,https://www.youtube.com/results?search_query=changer+plaquettes+de+frein,"https://loremflickr.com/640/400/brake,disc?lock=12"
video,Batterie,Tester et changer la batterie,Mesure de tension et remplacement,https://www.youtube.com/results?search_query=changer+batterie+voiture,"https://loremflickr.com/640/400/car,battery?lock=13"
video,Pneus,Changer une roue crevée,Changer une roue en sécurité,https://www.youtube.com/results?search_query=changer+une+roue+crevee,"https://loremflickr.com/640/400/car,wheel?lock=14"
video,Voiture électrique,Bien utiliser la recharge rapide,Supercharge et bonnes pratiques,https://www.youtube.com/results?search_query=recharge+rapide+voiture+electrique,"https://loremflickr.com/640/400/electric,charger?lock=15"
video,Diagnostic,Lire les codes défaut OBD2,Utiliser un lecteur OBD2,https://www.youtube.com/results?search_query=lire+codes+defaut+obd2,"https://loremflickr.com/640/400/obd,car?lock=16"
